,Adela RĂILEANU,Adrian BELÎI,Alexandr TRUBCA,Alina DANDARA,Alla DAROVANNAIA,Alla PILIPEȚCAIA,Ana CALINICI,Ana OGLINDA,Ana RACU,Ana SPEIANU,Andrian CHEPTONAR,Angela MUNTEANU-POJOGA,Artemie CĂTĂNOI,Boris MARCOCI,Boris POPA,Corneliu FURCULIȚĂ,Diana CARAMAN,Doina GHERMAN,Dorian ISTRATII,Efimia BANDALAC,Ersilia QATRAWI,Eugeniu SINCHEVICI,Evghenia COJOCARI,Gheorghe ICHIM,Grigore NOVAC,Igor CHIRIAC,Igor GROSU,Ina COȘERU,Inga SIBOVA,Ion BABICI,Ion GROZA,Ion POIA,Ion ȘPAC,Larisa NOVAC,Larisa VOLOH,Lilian CARP,Liliana GROSU,Liliana NICOLAESCU-ONOFREI,Marcela ADAM,Marcela NISTOR,Maria GONȚA,Maria PANCU,Mariana CUȘNIR,Mariana LUCREȚEANU,Marina MOROZOVA,Natalia DAVIDOVICI,Oazu NANTOI,Oleg CANAȚUI,Olesea STAMATE,Petru BURDUJA,Radu MARIAN,Radu MUDREAC,Sergiu LAZARENCU,Vasile GRĂDINARU,Veronica ROȘCA,Victor SPÎNU,Viorel BARDA,Virgiliu PÂSLARIUC,Vitali GAVROUC,Vlad BATRÎNCEA
Adela RĂILEANU,1.0,0.0,0.0,0.0,0.016666666666666666,0.0,0.0,0.0,0.0,0.0,0.0,0.0,0.0,0.0,0.0,0.0,0.0,0.0,0.0,0.0,0.0,0.0,0.0,0.0,0.0,0.0,0.0,0.0,0.0,0.0,0.0,0.0,0.0,0.0,0.0,0.0,0.0,0.0,0.0,0.0,0.0,0.0,0.0,0.0,0.0,0.0,0.0,0.0,0.0,0.0,0.0,0.0,0.0,0.0,0.0,0.0,0.0,0.0,0.0,0.0
Adrian BELÎI,0.0,1.0,0.11666666666666667,0.03333333333333333,0.0,0.0,0.03333333333333333,0.03333333333333333,0.0,0.03333333333333333,0.06666666666666667,0.0,0.05,0.05,0.016666666666666666,0.0,0.0,0.03333333333333333,0.016666666666666666,0.0,0.0,0.0,0.0,0.0,0.0,0.016666666666666666,0.016666666666666666,0.016666666666666666,0.0,0.016666666666666666,0.03333333333333333,0.016666666666666666,0.0,0.0,0.016666666666666666,0.05,0.016666666666666666,0.016666666666666666,0.016666666666666666,0.016666666666666666,0.0,0.0,0.0,0.0,0.03333333333333333,0.0,0.0,0.0,0.03333333333333333,0.0,0.016666666666666666,0.0,0.016666666666666666,0.016666666666666666,0.016666666666666666,0.016666666666666666,0.0,0.0,0.0,0.0
Alexandr TRUBCA,0.0,0.11666666666666667,1.0,0.016666666666666666,0.0,0.0,0.016666666666666666,0.05,0.0,0.03333333333333333,0.05,0.0,0.05,0.06666666666666667,0.016666666666666666,0.0,0.0,0.03333333333333333,0.016666666666666666,0.03333333333333333,0.016666666666666666,0.016666666666666666,0.0,0.0,0.0,0.0,0.016666666666666666,0.05,0.0,0.016666666666666666,0.03333333333333333,0.016666666666666666,0.0,0.016666666666666666,0.016666666666666666,0.03333333333333333,0.016666666666666666,0.016666666666666666,0.016666666666666666,0.016666666666666666,0.016666666666666666,0.0,0.016666666666666666,0.0,0.03333333333333333,0.0,0.0,0.0,0.016666666666666666,0.0,0.06666666666666667,0.0,0.016666666666666666,0.03333333333333333,0.016666666666666666,0.016666666666666666,0.0,0.0,0.0,0.0
Alina DANDARA,0.0,0.03333333333333333,0.016666666666666666,1.0,0.0,0.0,0.016666666666666666,0.016666666666666666,0.0,0.0,0.016666666666666666,0.0,0.016666666666666666,0.0,0.016666666666666666,0.0,0.0,0.0,0.016666666666666666,0.0,0.0,0.0,0.0,0.0,0.0,0.03333333333333333,0.016666666666666666,0.0,0.0,0.0,0.016666666666666666,0.0,0.0,0.0,0.016666666666666666,0.016666666666666666,0.0,0.016666666666666666,0.0,0.0,0.0,0.0,0.016666666666666666,0.0,0.016666666666666666,0.016666666666666666,0.0,0.0,0.0,0.0,0.05,0.0,0.0,0.0,0.0,0.0,0.0,0.0,0.0,0.0
Alla DAROVANNAIA,0.016666666666666666,0.0,0.0,0.0,1.0,0.0,0.0,0.0,0.0,0.0,0.0,0.0,0.0,0.0,0.0,0.0,0.0,0.0,0.0,0.0,0.0,0.0,0.0,0.0,0.0,0.0,0.0,0.0,0.0,0.0,0.0,0.0,0.0,0.0,0.0,0.0,0.0,0.0,0.0,0.0,0.0,0.0,0.0,0.0,0.0,0.0,0.0,0.0,0.0,0.0,0.0,0.0,0.0,0.0,0.0,0.0,0.0,0.0,0.0,0.0
Alla PILIPEȚCAIA,0.0,0.0,0.0,0.0,0.0,1.0,0.0,0.0,0.0,0.0,0.0,0.0,0.0,0.0,0.0,0.016666666666666666,0.0,0.0,0.0,0.0,0.0,0.0,0.0,0.0,0.0,0.0,0.0,0.0,0.0,0.0,0.0,0.0,0.0,0.0,0.0,0.0,0.0,0.0,0.0,0.0,0.0,0.0,0.0,0.0,0.0,0.0,0.0,0.0,0.0,0.0,0.0,0.016666666666666666,0.0,0.0,0.0,0.0,0.0,0.0,0.0,0.0
Ana CALINICI,0.0,0.03333333333333333,0.016666666666666666,0.016666666666666666,0.0,0.0,1.0,0.0,0.0,0.0,0.016666666666666666,0.0,0.016666666666666666,0.016666666666666666,0.016666666666666666,0.0,0.0,0.0,0.0,0.0,0.0,0.0,0.0,0.0,0.0,0.016666666666666666,0.016666666666666666,0.0,0.0,0.0,0.0,0.0,0.0,0.0,0.0,0.016666666666666666,0.0,0.0,0.0,0.0,0.0,0.0,0.0,0.0,0.0,0.0,0.0,0.0,0.0,0.0,0.0,0.0,0.0,0.0,0.016666666666666666,0.0,0.0,0.0,0.0,0.0
Ana OGLINDA,0.0,0.03333333333333333,0.05,0.016666666666666666,0.0,0.0,0.0,1.0,0.016666666666666666,0.016666666666666666,0.016666666666666666,0.03333333333333333,0.03333333333333333,0.03333333333333333,0.016666666666666666,0.0,0.0,0.05,0.016666666666666666,0.03333333333333333,0.016666666666666666,0.016666666666666666,0.0,0.0,0.0,0.03333333333333333,0.03333333333333333,0.016666666666666666,0.0,0.0,0.016666666666666666,0.0,0.0,0.016666666666666666,0.03333333333333333,0.03333333333333333,0.0,0.016666666666666666,0.016666666666666666,0.0,0.016666666666666666,0.016666666666666666,0.016666666666666666,0.016666666666666666,0.05,0.016666666666666666,0.03333333333333333,0.0,0.0,0.0,0.05,0.0,0.016666666666666666,0.05,0.03333333333333333,0.0,0.016666666666666666,0.0,0.0,0.0
Ana RACU,0.0,0.0,0.0,0.0,0.0,0.0,0.0,0.016666666666666666,1.0,0.0,0.0,0.016666666666666666,0.0,0.0,0.016666666666666666,0.0,0.0,0.0,0.0,0.0,0.016666666666666666,0.0,0.0,0.0,0.0,0.016666666666666666,0.0,0.0,0.0,0.0,0.0,0.0,0.0,0.0,0.016666666666666666,0.016666666666666666,0.0,0.0,0.0,0.0,0.0,0.0,0.0,0.0,0.016666666666666666,0.0,0.0,0.0,0.0,0.0,0.0,0.0,0.0,0.016666666666666666,0.016666666666666666,0.0,0.0,0.0,0.0,0.0
Ana SPEIANU,0.0,0.03333333333333333,0.03333333333333333,0.0,0.0,0.0,0.0,0.016666666666666666,0.0,1.0,0.016666666666666666,0.016666666666666666,0.016666666666666666,0.016666666666666666,0.0,0.0,0.0,0.016666666666666666,0.016666666666666666,0.016666666666666666,0.0,0.016666666666666666,0.0,0.0,0.0,0.016666666666666666,0.0,0.016666666666666666,0.0,0.016666666666666666,0.016666666666666666,0.03333333333333333,0.016666666666666666,0.016666666666666666,0.016666666666666666,0.016666666666666666,0.0,0.016666666666666666,0.016666666666666666,0.0,0.0,0.0,0.0,0.0,0.03333333333333333,0.0,0.016666666666666666,0.0,0.016666666666666666,0.0,0.016666666666666666,0.0,0.016666666666666666,0.016666666666666666,0.016666666666666666,0.016666666666666666,0.0,0.0,0.0,0.0
Andrian CHEPTONAR,0.0,0.06666666666666667,0.05,0.016666666666666666,0.0,0.0,0.016666666666666666,0.016666666666666666,0.0,0.016666666666666666,1.0,0.016666666666666666,0.05,0.03333333333333333,0.016666666666666666,0.0,0.0,0.016666666666666666,0.016666666666666666,0.0,0.0,0.0,0.0,0.0,0.0,0.03333333333333333,0.016666666666666666,0.016666666666666666,0.0,0.016666666666666666,0.016666666666666666,0.016666666666666666,0.0,0.0,0.0,0.03333333333333333,0.016666666666666666,0.016666666666666666,0.016666666666666666,0.016666666666666666,0.0,0.0,0.0,0.0,0.016666666666666666,0.016666666666666666,0.0,0.0,0.03333333333333333,0.0,0.05,0.0,0.016666666666666666,0.016666666666666666,0.03333333333333333,0.016666666666666666,0.0,0.0,0.0,0.0
Angela MUNTEANU-POJOGA,0.0,0.0,0.0,0.0,0.0,0.0,0.0,0.03333333333333333,0.016666666666666666,0.016666666666666666,0.016666666666666666,1.0,0.016666666666666666,0.0,0.016666666666666666,0.0,0.0,0.0,0.0,0.016666666666666666,0.016666666666666666,0.016666666666666666,0.0,0.0,0.0,0.016666666666666666,0.0,0.0,0.0,0.0,0.016666666666666666,0.0,0.0,0.016666666666666666,0.016666666666666666,0.03333333333333333,0.0,0.0,0.016666666666666666,0.0,0.0,0.0,0.0,0.0,0.0,0.0,0.0,0.0,0.016666666666666666,0.0,0.0,0.0,0.0,0.016666666666666666,0.03333333333333333,0.0,0.0,0.0,0.0,0.0
Artemie CĂTĂNOI,0.0,0.05,0.05,0.016666666666666666,0.0,0.0,0.016666666666666666,0.03333333333333333,0.0,0.016666666666666666,0.05,0.016666666666666666,1.0,0.05,0.016666666666666666,0.0,0.0,0.016666666666666666,0.0,0.016666666666666666,0.0,0.0,0.016666666666666666,0.0,0.016666666666666666,0.05,0.016666666666666666,0.016666666666666666,0.0,0.0,0.03333333333333333,0.0,0.0,0.0,0.016666666666666666,0.05,0.016666666666666666,0.03333333333333333,0.0,0.0,0.016666666666666666,0.0,0.0,0.0,0.0,0.016666666666666666,0.0,0.0,0.016666666666666666,0.0,0.0,0.0,0.016666666666666666,0.03333333333333333,0.05,0.0,0.0,0.016666666666666666,0.0,0.0
Boris MARCOCI,0.0,0.05,0.06666666666666667,0.0,0.0,0.0,0.016666666666666666,0.03333333333333333,0.0,0.016666666666666666,0.03333333333333333,0.0,0.05,1.0,0.0,0.0,0.0,0.016666666666666666,0.03333333333333333,0.0,0.0,0.0,0.0,0.0,0.0,0.016666666666666666,0.016666666666666666,0.03333333333333333,0.0,0.016666666666666666,0.0,0.016666666666666666,0.0,0.0,0.016666666666666666,0.016666666666666666,0.0,0.0,0.0,0.0,0.0,0.0,0.016666666666666666,0.0,0.03333333333333333,0.016666666666666666,0.016666666666666666,0.0,0.016666666666666666,0.0,0.016666666666666666,0.0,0.03333333333333333,0.03333333333333333,0.05,0.016666666666666666,0.016666666666666666,0.0,0.0,0.0
Boris POPA,0.0,0.016666666666666666,0.016666666666666666,0.016666666666666666,0.0,0.0,0.016666666666666666,0.016666666666666666,0.016666666666666666,0.0,0.016666666666666666,0.016666666666666666,0.016666666666666666,0.0,1.0,0.0,0.0,0.0,0.0,0.0,0.016666666666666666,0.0,0.0,0.0,0.0,0.03333333333333333,0.03333333333333333,0.0,0.0,0.0,0.0,0.0,0.0,0.0,0.016666666666666666,0.05,0.0,0.0,0.0,0.0,0.0,0.0,0.016666666666666666,0.0,0.0,0.0,0.0,0.0,0.0,0.0,0.016666666666666666,0.0,0.0,0.03333333333333333,0.016666666666666666,0.0,0.0,0.0,0.0,0.0
Corneliu FURCULIȚĂ,0.0,0.0,0.0,0.0,0.0,0.016666666666666666,0.0,0.0,0.0,0.0,0.0,0.0,0.0,0.0,0.0,1.0,0.0,0.0,0.0,0.0,0.0,0.0,0.0,0.0,0.0,0.0,0.0,0.0,0.0,0.0,0.0,0.0,0.0,0.0,0.0,0.0,0.0,0.0,0.0,0.0,0.0,0.0,0.0,0.0,0.0,0.0,0.0,0.0,0.0,0.016666666666666666,0.0,0.016666666666666666,0.0,0.0,0.0,0.0,0.0,0.0,0.0,0.0
Diana CARAMAN,0.0,0.0,0.0,0.0,0.0,0.0,0.0,0.0,0.0,0.0,0.0,0.0,0.0,0.0,0.0,0.0,1.0,0.0,0.0,0.0,0.0,0.0,0.0,0.0,0.0,0.0,0.0,0.0,0.0,0.0,0.0,0.0,0.0,0.0,0.0,0.0,0.0,0.0,0.0,0.0,0.0,0.0,0.0,0.0,0.0,0.0,0.0,0.0,0.0,0.0,0.0,0.0,0.0,0.0,0.0,0.0,0.0,0.0,0.0,0.0
Doina GHERMAN,0.0,0.03333333333333333,0.03333333333333333,0.0,0.0,0.0,0.0,0.05,0.0,0.016666666666666666,0.016666666666666666,0.0,0.016666666666666666,0.016666666666666666,0.0,0.0,0.0,1.0,0.016666666666666666,0.0,0.0,0.016666666666666666,0.0,0.0,0.0,0.016666666666666666,0.03333333333333333,0.016666666666666666,0.0,0.0,0.016666666666666666,0.0,0.0,0.0,0.03333333333333333,0.0,0.016666666666666666,0.016666666666666666,0.016666666666666666,0.0,0.0,0.016666666666666666,0.016666666666666666,0.016666666666666666,0.03333333333333333,0.016666666666666666,0.03333333333333333,0.0,0.016666666666666666,0.0,0.05,0.0,0.016666666666666666,0.05,0.03333333333333333,0.016666666666666666,0.016666666666666666,0.0,0.0,0.0
Dorian ISTRATII,0.0,0.016666666666666666,0.016666666666666666,0.016666666666666666,0.0,0.0,0.0,0.016666666666666666,0.0,0.016666666666666666,0.016666666666666666,0.0,0.0,0.03333333333333333,0.0,0.0,0.0,0.016666666666666666,1.0,0.0,0.0,0.0,0.0,0.0,0.0,0.0,0.016666666666666666,0.016666666666666666,0.0,0.016666666666666666,0.0,0.016666666666666666,0.0,0.0,0.03333333333333333,0.0,0.0,0.03333333333333333,0.0,0.0,0.0,0.0,0.016666666666666666,0.0,0.03333333333333333,0.0,0.016666666666666666,0.0,0.016666666666666666,0.0,0.016666666666666666,0.0,0.03333333333333333,0.016666666666666666,0.0,0.016666666666666666,0.016666666666666666,0.0,0.0,0.0
Efimia BANDALAC,0.0,0.0,0.03333333333333333,0.0,0.0,0.0,0.0,0.03333333333333333,0.0,0.016666666666666666,0.0,0.016666666666666666,0.016666666666666666,0.0,0.0,0.0,0.0,0.0,0.0,1.0,0.0,0.03333333333333333,0.0,0.0,0.0,0.0,0.0,0.016666666666666666,0.0,0.0,0.0,0.0,0.0,0.016666666666666666,0.0,0.0,0.0,0.0,0.016666666666666666,0.0,0.016666666666666666,0.0,0.0,0.0,0.0,0.0,0.0,0.0,0.0,0.0,0.016666666666666666,0.0,0.0,0.0,0.0,0.0,0.0,0.0,0.0,0.0
Ersilia QATRAWI,0.0,0.0,0.016666666666666666,0.0,0.0,0.0,0.0,0.016666666666666666,0.016666666666666666,0.0,0.0,0.016666666666666666,0.0,0.0,0.016666666666666666,0.0,0.0,0.0,0.0,0.0,1.0,0.0,0.0,0.0,0.0,0.016666666666666666,0.0,0.0,0.0,0.0,0.0,0.0,0.0,0.016666666666666666,0.016666666666666666,0.016666666666666666,0.0,0.0,0.0,0.0,0.0,0.0,0.0,0.0,0.0,0.0,0.0,0.0,0.0,0.0,0.016666666666666666,0.0,0.0,0.016666666666666666,0.016666666666666666,0.0,0.0,0.0,0.0,0.0
Eugeniu SINCHEVICI,0.0,0.0,0.016666666666666666,0.0,0.0,0.0,0.0,0.016666666666666666,0.0,0.016666666666666666,0.0,0.016666666666666666,0.0,0.0,0.0,0.0,0.0,0.016666666666666666,0.0,0.03333333333333333,0.0,1.0,0.0,0.0,0.0,0.0,0.0,0.016666666666666666,0.0,0.0,0.0,0.0,0.0,0.016666666666666666,0.0,0.0,0.0,0.0,0.016666666666666666,0.0,0.0,0.0,0.0,0.0,0.0,0.0,0.0,0.0,0.016666666666666666,0.0,0.016666666666666666,0.0,0.0,0.0,0.016666666666666666,0.016666666666666666,0.0,0.0,0.0,0.0
Evghenia COJOCARI,0.0,0.0,0.0,0.0,0.0,0.0,0.0,0.0,0.0,0.0,0.0,0.0,0.016666666666666666,0.0,0.0,0.0,0.0,0.0,0.0,0.0,0.0,0.0,1.0,0.0,0.016666666666666666,0.016666666666666666,0.0,0.0,0.0,0.0,0.0,0.0,0.0,0.0,0.0,0.0,0.0,0.016666666666666666,0.0,0.0,0.0,0.0,0.0,0.0,0.0,0.0,0.0,0.0,0.0,0.0,0.0,0.0,0.0,0.0,0.0,0.0,0.0,0.0,0.0,0.0
Gheorghe ICHIM,0.0,0.0,0.0,0.0,0.0,0.0,0.0,0.0,0.0,0.0,0.0,0.0,0.0,0.0,0.0,0.0,0.0,0.0,0.0,0.0,0.0,0.0,0.0,1.0,0.0,0.0,0.0,0.0,0.0,0.0,0.0,0.0,0.0,0.0,0.0,0.0,0.0,0.0,0.0,0.0,0.0,0.0,0.0,0.0,0.0,0.0,0.0,0.0,0.0,0.0,0.0,0.0,0.0,0.0,0.0,0.0,0.0,0.0,0.0,0.0
Grigore NOVAC,0.0,0.0,0.0,0.0,0.0,0.0,0.0,0.0,0.0,0.0,0.0,0.0,0.016666666666666666,0.0,0.0,0.0,0.0,0.0,0.0,0.0,0.0,0.0,0.016666666666666666,0.0,1.0,0.016666666666666666,0.0,0.0,0.0,0.0,0.0,0.0,0.0,0.0,0.0,0.0,0.0,0.016666666666666666,0.0,0.0,0.0,0.0,0.0,0.0,0.0,0.0,0.0,0.0,0.0,0.0,0.0,0.0,0.0,0.0,0.0,0.0,0.0,0.0,0.0,0.0
Igor CHIRIAC,0.0,0.016666666666666666,0.0,0.03333333333333333,0.0,0.0,0.016666666666666666,0.03333333333333333,0.016666666666666666,0.016666666666666666,0.03333333333333333,0.016666666666666666,0.05,0.016666666666666666,0.03333333333333333,0.0,0.0,0.016666666666666666,0.0,0.0,0.016666666666666666,0.0,0.016666666666666666,0.0,0.016666666666666666,1.0,0.016666666666666666,0.0,0.0,0.0,0.0,0.016666666666666666,0.016666666666666666,0.0,0.016666666666666666,0.05,0.0,0.016666666666666666,0.0,0.0,0.0,0.0,0.0,0.0,0.016666666666666666,0.03333333333333333,0.016666666666666666,0.0,0.0,0.0,0.03333333333333333,0.0,0.0,0.03333333333333333,0.05,0.0,0.0,0.0,0.0,0.0
Igor GROSU,0.0,0.016666666666666666,0.016666666666666666,0.016666666666666666,0.0,0.0,0.016666666666666666,0.03333333333333333,0.0,0.0,0.016666666666666666,0.0,0.016666666666666666,0.016666666666666666,0.03333333333333333,0.0,0.0,0.03333333333333333,0.016666666666666666,0.0,0.0,0.0,0.0,0.0,0.0,0.016666666666666666,1.0,0.0,0.0,0.0,0.0,0.0,0.0,0.0,0.016666666666666666,0.03333333333333333,0.0,0.0,0.0,0.0,0.0,0.016666666666666666,0.03333333333333333,0.016666666666666666,0.03333333333333333,0.016666666666666666,0.03333333333333333,0.0,0.0,0.0,0.05,0.0,0.016666666666666666,0.05,0.03333333333333333,0.0,0.016666666666666666,0.0,0.0,0.0
Ina COȘERU,0.0,0.016666666666666666,0.05,0.0,0.0,0.0,0.0,0.016666666666666666,0.0,0.016666666666666666,0.016666666666666666,0.0,0.016666666666666666,0.03333333333333333,0.0,0.0,0.0,0.016666666666666666,0.016666666666666666,0.016666666666666666,0.0,0.016666666666666666,0.0,0.0,0.0,0.0,0.0,1.0,0.0,0.016666666666666666,0.0,0.016666666666666666,0.0,0.0,0.0,0.0,0.0,0.0,0.0,0.0,0.016666666666666666,0.0,0.0,0.0,0.016666666666666666,0.0,0.0,0.0,0.03333333333333333,0.0,0.0,0.0,0.016666666666666666,0.0,0.016666666666666666,0.03333333333333333,0.0,0.0,0.0,0.0
Inga SIBOVA,0.0,0.0,0.0,0.0,0.0,0.0,0.0,0.0,0.0,0.0,0.0,0.0,0.0,0.0,0.0,0.0,0.0,0.0,0.0,0.0,0.0,0.0,0.0,0.0,0.0,0.0,0.0,0.0,1.0,0.0,0.0,0.0,0.0,0.0,0.0,0.0,0.0,0.0,0.0,0.0,0.0,0.0,0.0,0.0,0.0,0.0,0.0,0.0,0.0,0.0,0.0,0.0,0.0,0.0,0.0,0.0,0.0,0.0,0.0,0.0
Ion BABICI,0.0,0.016666666666666666,0.016666666666666666,0.0,0.0,0.0,0.0,0.0,0.0,0.016666666666666666,0.016666666666666666,0.0,0.0,0.016666666666666666,0.0,0.0,0.0,0.0,0.016666666666666666,0.0,0.0,0.0,0.0,0.0,0.0,0.0,0.0,0.016666666666666666,0.0,1.0,0.0,0.016666666666666666,0.0,0.0,0.0,0.0,0.0,0.0,0.0,0.0,0.0,0.0,0.0,0.0,0.016666666666666666,0.0,0.0,0.0,0.016666666666666666,0.0,0.0,0.0,0.016666666666666666,0.0,0.0,0.016666666666666666,0.0,0.0,0.0,0.0
Ion GROZA,0.0,0.03333333333333333,0.03333333333333333,0.016666666666666666,0.0,0.0,0.0,0.016666666666666666,0.0,0.016666666666666666,0.016666666666666666,0.016666666666666666,0.03333333333333333,0.0,0.0,0.0,0.0,0.016666666666666666,0.0,0.0,0.0,0.0,0.0,0.0,0.0,0.0,0.0,0.0,0.0,0.0,1.0,0.0,0.0,0.0,0.016666666666666666,0.016666666666666666,0.0,0.016666666666666666,0.0,0.0,0.0,0.0,0.0,0.0,0.016666666666666666,0.0,0.0,0.0,0.016666666666666666,0.0,0.0,0.0,0.0,0.016666666666666666,0.016666666666666666,0.0,0.0,0.0,0.0,0.0
Ion POIA,0.0,0.016666666666666666,0.016666666666666666,0.0,0.0,0.0,0.0,0.0,0.0,0.03333333333333333,0.016666666666666666,0.0,0.0,0.016666666666666666,0.0,0.0,0.0,0.0,0.016666666666666666,0.0,0.0,0.0,0.0,0.0,0.0,0.016666666666666666,0.0,0.016666666666666666,0.0,0.016666666666666666,0.0,1.0,0.016666666666666666,0.0,0.0,0.016666666666666666,0.0,0.0,0.0,0.0,0.0,0.0,0.0,0.0,0.03333333333333333,0.0,0.016666666666666666,0.0,0.016666666666666666,0.0,0.016666666666666666,0.0,0.016666666666666666,0.0,0.016666666666666666,0.016666666666666666,0.0,0.0,0.0,0.0
Ion ȘPAC,0.0,0.0,0.0,0.0,0.0,0.0,0.0,0.0,0.0,0.016666666666666666,0.0,0.0,0.0,0.0,0.0,0.0,0.0,0.0,0.0,0.0,0.0,0.0,0.0,0.0,0.0,0.016666666666666666,0.0,0.0,0.0,0.0,0.0,0.016666666666666666,1.0,0.0,0.0,0.016666666666666666,0.0,0.0,0.0,0.0,0.0,0.0,0.0,0.0,0.016666666666666666,0.0,0.016666666666666666,0.0,0.0,0.0,0.016666666666666666,0.0,0.0,0.0,0.016666666666666666,0.0,0.0,0.0,0.0,0.0
Larisa NOVAC,0.0,0.0,0.016666666666666666,0.0,0.0,0.0,0.0,0.016666666666666666,0.0,0.016666666666666666,0.0,0.016666666666666666,0.0,0.0,0.0,0.0,0.0,0.0,0.0,0.016666666666666666,0.016666666666666666,0.016666666666666666,0.0,0.0,0.0,0.0,0.0,0.0,0.0,0.0,0.0,0.0,0.0,1.0,0.0,0.0,0.0,0.0,0.016666666666666666,0.0,0.0,0.0,0.0,0.0,0.0,0.0,0.0,0.0,0.0,0.0,0.016666666666666666,0.0,0.0,0.0,0.0,0.0,0.0,0.0,0.0,0.0
Larisa VOLOH,0.0,0.016666666666666666,0.016666666666666666,0.016666666666666666,0.0,0.0,0.0,0.03333333333333333,0.016666666666666666,0.016666666666666666,0.0,0.016666666666666666,0.016666666666666666,0.016666666666666666,0.016666666666666666,0.0,0.0,0.03333333333333333,0.03333333333333333,0.0,0.016666666666666666,0.0,0.0,0.0,0.0,0.016666666666666666,0.016666666666666666,0.0,0.0,0.0,0.016666666666666666,0.0,0.0,0.0,1.0,0.016666666666666666,0.0,0.03333333333333333,0.0,0.0,0.0,0.0,0.03333333333333333,0.0,0.016666666666666666,0.0,0.016666666666666666,0.0,0.0,0.0,0.03333333333333333,0.0,0.016666666666666666,0.05,0.016666666666666666,0.0,0.016666666666666666,0.0,0.0,0.0
Lilian CARP,0.0,0.05,0.03333333333333333,0.016666666666666666,0.0,0.0,0.016666666666666666,0.03333333333333333,0.016666666666666666,0.016666666666666666,0.03333333333333333,0.03333333333333333,0.05,0.016666666666666666,0.05,0.0,0.0,0.0,0.0,0.0,0.016666666666666666,0.0,0.0,0.0,0.0,0.05,0.03333333333333333,0.0,0.0,0.0,0.016666666666666666,0.016666666666666666,0.016666666666666666,0.0,0.016666666666666666,1.0,0.0,0.0,0.0,0.0,0.0,0.0,0.016666666666666666,0.0,0.016666666666666666,0.0,0.016666666666666666,0.0,0.03333333333333333,0.0,0.03333333333333333,0.0,0.0,0.03333333333333333,0.05,0.0,0.0,0.0,0.0,0.0
Liliana GROSU,0.0,0.016666666666666666,0.016666666666666666,0.0,0.0,0.0,0.0,0.0,0.0,0.0,0.016666666666666666,0.0,0.016666666666666666,0.0,0.0,0.0,0.0,0.016666666666666666,0.0,0.0,0.0,0.0,0.0,0.0,0.0,0.0,0.0,0.0,0.0,0.0,0.0,0.0,0.0,0.0,0.0,0.0,1.0,0.0,0.016666666666666666,0.0,0.0,0.0,0.0,0.0,0.0,0.0,0.0,0.0,0.0,0.0,0.016666666666666666,0.0,0.0,0.0,0.0,0.0,0.0,0.0,0.0,0.0
Liliana NICOLAESCU-ONOFREI,0.0,0.016666666666666666,0.016666666666666666,0.016666666666666666,0.0,0.0,0.0,0.016666666666666666,0.0,0.016666666666666666,0.016666666666666666,0.0,0.03333333333333333,0.0,0.0,0.0,0.0,0.016666666666666666,0.03333333333333333,0.0,0.0,0.0,0.016666666666666666,0.0,0.016666666666666666,0.016666666666666666,0.0,0.0,0.0,0.0,0.016666666666666666,0.0,0.0,0.0,0.03333333333333333,0.0,0.0,1.0,0.0,0.0,0.0,0.0,0.0,0.0,0.016666666666666666,0.0,0.0,0.0,0.0,0.0,0.016666666666666666,0.0,0.016666666666666666,0.016666666666666666,0.0,0.0,0.0,0.0,0.0,0.0
Marcela ADAM,0.0,0.016666666666666666,0.016666666666666666,0.0,0.0,0.0,0.0,0.016666666666666666,0.0,0.016666666666666666,0.016666666666666666,0.016666666666666666,0.0,0.0,0.0,0.0,0.0,0.016666666666666666,0.0,0.016666666666666666,0.0,0.016666666666666666,0.0,0.0,0.0,0.0,0.0,0.0,0.0,0.0,0.0,0.0,0.0,0.016666666666666666,0.0,0.0,0.016666666666666666,0.0,1.0,0.0,0.0,0.0,0.0,0.0,0.0,0.0,0.0,0.0,0.0,0.0,0.016666666666666666,0.0,0.0,0.0,0.0,0.0,0.0,0.0,0.0,0.0
Marcela NISTOR,0.0,0.016666666666666666,0.016666666666666666,0.0,0.0,0.0,0.0,0.0,0.0,0.0,0.016666666666666666,0.0,0.0,0.0,0.0,0.0,0.0,0.0,0.0,0.0,0.0,0.0,0.0,0.0,0.0,0.0,0.0,0.0,0.0,0.0,0.0,0.0,0.0,0.0,0.0,0.0,0.0,0.0,0.0,1.0,0.0,0.0,0.0,0.0,0.0,0.0,0.0,0.0,0.0,0.0,0.0,0.0,0.0,0.0,0.0,0.0,0.0,0.0,0.0,0.0
Maria GONȚA,0.0,0.0,0.016666666666666666,0.0,0.0,0.0,0.0,0.016666666666666666,0.0,0.0,0.0,0.0,0.016666666666666666,0.0,0.0,0.0,0.0,0.0,0.0,0.016666666666666666,0.0,0.0,0.0,0.0,0.0,0.0,0.0,0.016666666666666666,0.0,0.0,0.0,0.0,0.0,0.0,0.0,0.0,0.0,0.0,0.0,0.0,1.0,0.0,0.0,0.0,0.0,0.0,0.0,0.0,0.0,0.0,0.0,0.0,0.0,0.0,0.0,0.0,0.0,0.0,0.0,0.0
Maria PANCU,0.0,0.0,0.0,0.0,0.0,0.0,0.0,0.016666666666666666,0.0,0.0,0.0,0.0,0.0,0.0,0.0,0.0,0.0,0.016666666666666666,0.0,0.0,0.0,0.0,0.0,0.0,0.0,0.0,0.016666666666666666,0.0,0.0,0.0,0.0,0.0,0.0,0.0,0.0,0.0,0.0,0.0,0.0,0.0,0.0,1.0,0.0,0.016666666666666666,0.016666666666666666,0.016666666666666666,0.016666666666666666,0.0,0.0,0.0,0.016666666666666666,0.0,0.0,0.016666666666666666,0.016666666666666666,0.0,0.0,0.0,0.0,0.0
Mariana CUȘNIR,0.0,0.0,0.016666666666666666,0.016666666666666666,0.0,0.0,0.0,0.016666666666666666,0.0,0.0,0.0,0.0,0.0,0.016666666666666666,0.016666666666666666,0.0,0.0,0.016666666666666666,0.016666666666666666,0.0,0.0,0.0,0.0,0.0,0.0,0.0,0.03333333333333333,0.0,0.0,0.0,0.0,0.0,0.0,0.0,0.03333333333333333,0.016666666666666666,0.0,0.0,0.0,0.0,0.0,0.0,1.0,0.0,0.016666666666666666,0.0,0.016666666666666666,0.0,0.0,0.0,0.05,0.0,0.016666666666666666,0.03333333333333333,0.0,0.0,0.016666666666666666,0.0,0.0,0.0
Mariana LUCREȚEANU,0.0,0.0,0.0,0.0,0.0,0.0,0.0,0.016666666666666666,0.0,0.0,0.0,0.0,0.0,0.0,0.0,0.0,0.0,0.016666666666666666,0.0,0.0,0.0,0.0,0.0,0.0,0.0,0.0,0.016666666666666666,0.0,0.0,0.0,0.0,0.0,0.0,0.0,0.0,0.0,0.0,0.0,0.0,0.0,0.0,0.016666666666666666,0.0,1.0,0.016666666666666666,0.016666666666666666,0.016666666666666666,0.0,0.0,0.0,0.016666666666666666,0.0,0.0,0.016666666666666666,0.016666666666666666,0.0,0.0,0.0,0.0,0.0
Marina MOROZOVA,0.0,0.03333333333333333,0.03333333333333333,0.016666666666666666,0.0,0.0,0.0,0.05,0.016666666666666666,0.03333333333333333,0.016666666666666666,0.0,0.0,0.03333333333333333,0.0,0.0,0.0,0.03333333333333333,0.03333333333333333,0.0,0.0,0.0,0.0,0.0,0.0,0.016666666666666666,0.03333333333333333,0.016666666666666666,0.0,0.016666666666666666,0.016666666666666666,0.03333333333333333,0.016666666666666666,0.0,0.016666666666666666,0.016666666666666666,0.0,0.016666666666666666,0.0,0.0,0.0,0.016666666666666666,0.016666666666666666,0.016666666666666666,1.0,0.016666666666666666,0.05,0.0,0.016666666666666666,0.0,0.05,0.0,0.03333333333333333,0.03333333333333333,0.03333333333333333,0.016666666666666666,0.016666666666666666,0.0,0.0,0.0
Natalia DAVIDOVICI,0.0,0.0,0.0,0.016666666666666666,0.0,0.0,0.0,0.016666666666666666,0.0,0.0,0.016666666666666666,0.0,0.016666666666666666,0.016666666666666666,0.0,0.0,0.0,0.016666666666666666,0.0,0.0,0.0,0.0,0.0,0.0,0.0,0.03333333333333333,0.016666666666666666,0.0,0.0,0.0,0.0,0.0,0.0,0.0,0.0,0.0,0.0,0.0,0.0,0.0,0.0,0.016666666666666666,0.0,0.016666666666666666,0.016666666666666666,1.0,0.016666666666666666,0.0,0.0,0.0,0.03333333333333333,0.0,0.0,0.03333333333333333,0.03333333333333333,0.0,0.0,0.0,0.0,0.0
Oazu NANTOI,0.0,0.0,0.0,0.0,0.0,0.0,0.0,0.03333333333333333,0.0,0.016666666666666666,0.0,0.0,0.0,0.016666666666666666,0.0,0.0,0.0,0.03333333333333333,0.016666666666666666,0.0,0.0,0.0,0.0,0.0,0.0,0.016666666666666666,0.03333333333333333,0.0,0.0,0.0,0.0,0.016666666666666666,0.016666666666666666,0.0,0.016666666666666666,0.016666666666666666,0.0,0.0,0.0,0.0,0.0,0.016666666666666666,0.016666666666666666,0.016666666666666666,0.05,0.016666666666666666,1.0,0.0,0.0,0.0,0.05,0.0,0.016666666666666666,0.03333333333333333,0.03333333333333333,0.0,0.016666666666666666,0.0,0.016666666666666666,0.0
Oleg CANAȚUI,0.0,0.0,0.0,0.0,0.0,0.0,0.0,0.0,0.0,0.0,0.0,0.0,0.0,0.0,0.0,0.0,0.0,0.0,0.0,0.0,0.0,0.0,0.0,0.0,0.0,0.0,0.0,0.0,0.0,0.0,0.0,0.0,0.0,0.0,0.0,0.0,0.0,0.0,0.0,0.0,0.0,0.0,0.0,0.0,0.0,0.0,0.0,1.0,0.0,0.0,0.0,0.0,0.0,0.0,0.0,0.0,0.0,0.0,0.0,0.0
Olesea STAMATE,0.0,0.03333333333333333,0.016666666666666666,0.0,0.0,0.0,0.0,0.0,0.0,0.016666666666666666,0.03333333333333333,0.016666666666666666,0.016666666666666666,0.016666666666666666,0.0,0.0,0.0,0.016666666666666666,0.016666666666666666,0.0,0.0,0.016666666666666666,0.0,0.0,0.0,0.0,0.0,0.03333333333333333,0.0,0.016666666666666666,0.016666666666666666,0.016666666666666666,0.0,0.0,0.0,0.03333333333333333,0.0,0.0,0.0,0.0,0.0,0.0,0.0,0.0,0.016666666666666666,0.0,0.0,0.0,1.0,0.0,0.0,0.0,0.016666666666666666,0.0,0.03333333333333333,0.03333333333333333,0.0,0.0,0.0,0.0
Petru BURDUJA,0.0,0.0,0.0,0.0,0.0,0.0,0.0,0.0,0.0,0.0,0.0,0.0,0.0,0.0,0.0,0.016666666666666666,0.0,0.0,0.0,0.0,0.0,0.0,0.0,0.0,0.0,0.0,0.0,0.0,0.0,0.0,0.0,0.0,0.0,0.0,0.0,0.0,0.0,0.0,0.0,0.0,0.0,0.0,0.0,0.0,0.0,0.0,0.0,0.0,0.0,1.0,0.0,0.016666666666666666,0.0,0.0,0.0,0.0,0.0,0.0,0.0,0.0
Radu MARIAN,0.0,0.016666666666666666,0.06666666666666667,0.05,0.0,0.0,0.0,0.05,0.0,0.016666666666666666,0.05,0.0,0.0,0.016666666666666666,0.016666666666666666,0.0,0.0,0.05,0.016666666666666666,0.016666666666666666,0.016666666666666666,0.016666666666666666,0.0,0.0,0.0,0.03333333333333333,0.05,0.0,0.0,0.0,0.0,0.016666666666666666,0.016666666666666666,0.016666666666666666,0.03333333333333333,0.03333333333333333,0.016666666666666666,0.016666666666666666,0.016666666666666666,0.0,0.0,0.016666666666666666,0.05,0.016666666666666666,0.05,0.03333333333333333,0.05,0.0,0.0,0.0,1.0,0.0,0.016666666666666666,0.05,0.03333333333333333,0.0,0.016666666666666666,0.0,0.0,0.0
Radu MUDREAC,0.0,0.0,0.0,0.0,0.0,0.016666666666666666,0.0,0.0,0.0,0.0,0.0,0.0,0.0,0.0,0.0,0.016666666666666666,0.0,0.0,0.0,0.0,0.0,0.0,0.0,0.0,0.0,0.0,0.0,0.0,0.0,0.0,0.0,0.0,0.0,0.0,0.0,0.0,0.0,0.0,0.0,0.0,0.0,0.0,0.0,0.0,0.0,0.0,0.0,0.0,0.0,0.016666666666666666,0.0,1.0,0.0,0.0,0.0,0.0,0.0,0.0,0.0,0.0
Sergiu LAZARENCU,0.0,0.016666666666666666,0.016666666666666666,0.0,0.0,0.0,0.0,0.016666666666666666,0.0,0.016666666666666666,0.016666666666666666,0.0,0.016666666666666666,0.03333333333333333,0.0,0.0,0.0,0.016666666666666666,0.03333333333333333,0.0,0.0,0.0,0.0,0.0,0.0,0.0,0.016666666666666666,0.016666666666666666,0.0,0.016666666666666666,0.0,0.016666666666666666,0.0,0.0,0.016666666666666666,0.0,0.0,0.016666666666666666,0.0,0.0,0.0,0.0,0.016666666666666666,0.0,0.03333333333333333,0.0,0.016666666666666666,0.0,0.016666666666666666,0.0,0.016666666666666666,0.0,1.0,0.016666666666666666,0.0,0.016666666666666666,0.016666666666666666,0.016666666666666666,0.0,0.0
Vasile GRĂDINARU,0.0,0.016666666666666666,0.03333333333333333,0.0,0.0,0.0,0.0,0.05,0.016666666666666666,0.016666666666666666,0.016666666666666666,0.016666666666666666,0.03333333333333333,0.03333333333333333,0.03333333333333333,0.0,0.0,0.05,0.016666666666666666,0.0,0.016666666666666666,0.0,0.0,0.0,0.0,0.03333333333333333,0.05,0.0,0.0,0.0,0.016666666666666666,0.0,0.0,0.0,0.05,0.03333333333333333,0.0,0.016666666666666666,0.0,0.0,0.0,0.016666666666666666,0.03333333333333333,0.016666666666666666,0.03333333333333333,0.03333333333333333,0.03333333333333333,0.0,0.0,0.0,0.05,0.0,0.016666666666666666,1.0,0.05,0.0,0.016666666666666666,0.0,0.0,0.0
Veronica ROȘCA,0.0,0.016666666666666666,0.016666666666666666,0.0,0.0,0.0,0.016666666666666666,0.03333333333333333,0.016666666666666666,0.016666666666666666,0.03333333333333333,0.03333333333333333,0.05,0.05,0.016666666666666666,0.0,0.0,0.03333333333333333,0.0,0.0,0.016666666666666666,0.016666666666666666,0.0,0.0,0.0,0.05,0.03333333333333333,0.016666666666666666,0.0,0.0,0.016666666666666666,0.016666666666666666,0.016666666666666666,0.0,0.016666666666666666,0.05,0.0,0.0,0.0,0.0,0.0,0.016666666666666666,0.0,0.016666666666666666,0.03333333333333333,0.03333333333333333,0.03333333333333333,0.0,0.03333333333333333,0.0,0.03333333333333333,0.0,0.0,0.05,1.0,0.016666666666666666,0.0,0.0,0.0,0.0
Victor SPÎNU,0.0,0.016666666666666666,0.016666666666666666,0.0,0.0,0.0,0.0,0.0,0.0,0.016666666666666666,0.016666666666666666,0.0,0.0,0.016666666666666666,0.0,0.0,0.0,0.016666666666666666,0.016666666666666666,0.0,0.0,0.016666666666666666,0.0,0.0,0.0,0.0,0.0,0.03333333333333333,0.0,0.016666666666666666,0.0,0.016666666666666666,0.0,0.0,0.0,0.0,0.0,0.0,0.0,0.0,0.0,0.0,0.0,0.0,0.016666666666666666,0.0,0.0,0.0,0.03333333333333333,0.0,0.0,0.0,0.016666666666666666,0.0,0.016666666666666666,1.0,0.0,0.0,0.0,0.0
Viorel BARDA,0.0,0.0,0.0,0.0,0.0,0.0,0.0,0.016666666666666666,0.0,0.0,0.0,0.0,0.0,0.016666666666666666,0.0,0.0,0.0,0.016666666666666666,0.016666666666666666,0.0,0.0,0.0,0.0,0.0,0.0,0.0,0.016666666666666666,0.0,0.0,0.0,0.0,0.0,0.0,0.0,0.016666666666666666,0.0,0.0,0.0,0.0,0.0,0.0,0.0,0.016666666666666666,0.0,0.016666666666666666,0.0,0.016666666666666666,0.0,0.0,0.0,0.016666666666666666,0.0,0.016666666666666666,0.016666666666666666,0.0,0.0,1.0,0.0,0.0,0.0
Virgiliu PÂSLARIUC,0.0,0.0,0.0,0.0,0.0,0.0,0.0,0.0,0.0,0.0,0.0,0.0,0.016666666666666666,0.0,0.0,0.0,0.0,0.0,0.0,0.0,0.0,0.0,0.0,0.0,0.0,0.0,0.0,0.0,0.0,0.0,0.0,0.0,0.0,0.0,0.0,0.0,0.0,0.0,0.0,0.0,0.0,0.0,0.0,0.0,0.0,0.0,0.0,0.0,0.0,0.0,0.0,0.0,0.016666666666666666,0.0,0.0,0.0,0.0,1.0,0.0,0.0
Vitali GAVROUC,0.0,0.0,0.0,0.0,0.0,0.0,0.0,0.0,0.0,0.0,0.0,0.0,0.0,0.0,0.0,0.0,0.0,0.0,0.0,0.0,0.0,0.0,0.0,0.0,0.0,0.0,0.0,0.0,0.0,0.0,0.0,0.0,0.0,0.0,0.0,0.0,0.0,0.0,0.0,0.0,0.0,0.0,0.0,0.0,0.0,0.0,0.016666666666666666,0.0,0.0,0.0,0.0,0.0,0.0,0.0,0.0,0.0,0.0,0.0,1.0,0.0
Vlad BATRÎNCEA,0.0,0.0,0.0,0.0,0.0,0.0,0.0,0.0,0.0,0.0,0.0,0.0,0.0,0.0,0.0,0.0,0.0,0.0,0.0,0.0,0.0,0.0,0.0,0.0,0.0,0.0,0.0,0.0,0.0,0.0,0.0,0.0,0.0,0.0,0.0,0.0,0.0,0.0,0.0,0.0,0.0,0.0,0.0,0.0,0.0,0.0,0.0,0.0,0.0,0.0,0.0,0.0,0.0,0.0,0.0,0.0,0.0,0.0,0.0,1.0
